{"GEN":3}
[{"id":"lywl1mxk8tqt4y0zbdi","r":20,"highlight":false,"position":{"isPInst":true,"x":149.88641173283287,"y":59.88956484414726,"z":0},"velocity":{"isPInst":true,"x":-0.38722337894020753,"y":0.29344474198731274,"z":0},"score":0,"prey_score":0,"fitness":0,"brain":{"input_nodes":6,"hidden_nodes":10,"output_nodes":4,"weights_ih":{"rows":10,"cols":6,"data":[[-0.7654536583674352,0.7886334524765239,0.5740409489289888,0.8785163211087283,-0.14677802822766672,-0.3946539438755965],[1.3470805920601836,0.1666120381947317,-0.5728412432021162,-0.5775321935762161,-0.6786713212531548,0.5786819058705635],[0.7865526747145899,-0.17709510781025584,-0.2643764430481532,-0.8359763291565123,0.707620263935784,-0.7154858572417035],[0.26456820567047457,0.9438430047309989,0.9584178065407225,0.37120859127557404,-0.5520812454783415,0.01636292488093405],[-0.3356802628642206,-0.961897891070524,-0.8051559244326527,0.39811891570797,-0.14403652098603414,-0.7899932775953684],[0.9573763739127035,1.193644749491677,0.24116858037587452,0.5747832369203535,0.4393284172257701,0.8578924383737188],[-0.5832238514083716,0.33905120066135463,-0.2276210813873134,-0.020076106458734255,0.2776510084275423,1.1380999075778964],[0.6700376376093597,-0.12906043991421656,-0.49869275598142115,-1.2147854714920074,0.34619571107126046,-0.19363008427493344],[0.7253702335727379,0.7697880363471922,0.26528324101684975,0.1367382308397087,0.06380784679056983,0.9428672423505797],[-0.9305588077757219,-0.020576198794541332,0.7101899788831991,-0.8364682874034095,0.10551840396098155,-0.5292046915985482]]},"weights_ho":{"rows":4,"cols":10,"data":[[0.6622994886885167,0.7976272908194366,-0.8959225728032443,0.7609136105577115,0.295709598976217,0.42930567500965733,0.20807861658320537,-0.1837412676175001,-0.03751945788654931,-0.4157778847172211],[0.32197848772318594,-0.7194803722183329,-0.6398820913637349,-0.7704496132345532,0.17977455191482639,-0.8499869160774307,0.6839254725237991,0.36622867149494764,0.36029645004702004,0.6943899442152833],[1.086599736446128,0.9804226122398473,-0.7974788072717258,0.129913370066431,-0.7714448980542401,-0.338658130470034,0.9927745546098433,-0.2377086240773063,-0.028163116840719954,0.5530839366140841],[-0.024825997953434875,-0.6834827488272306,-0.9216252878790128,-0.13869920353544757,0.02233095568147131,-0.2779104363883391,0.5567134887806651,0.586077049534004,-0.21056928365249883,-0.01467208555577626]]},"bias_h":{"rows":10,"cols":1,"data":[[0.34419839746836844],[-0.6534130589095062],[-0.2755747168123004],[0.0692267345487183],[-0.9526424832502873],[-0.16247411691795915],[0.6994437514344636],[-0.40179063013461613],[-0.6704419262387171],[0.26262397238111035]]},"bias_o":{"rows":4,"cols":1,"data":[[-0.6203723595072796],[0.29143910508585824],[-0.7879224875966493],[0.4567697086587583]]},"learning_rate":0.1,"activation_function":{}},"history":{"rock":[],"paper":[],"scissor":[]},"choice":"rock","choice_code":0,"choice_history":["rock"],"choice_code_history":[0]},{"id":"lywl1mxkb3153j34wo","r":20,"highlight":false,"position":{"isPInst":true,"x":171.63156528759592,"y":55.686886553114356,"z":0},"velocity":{"isPInst":true,"x":-0.382990748274346,"y":0.003766158509474149,"z":0},"score":0,"prey_score":0,"fitness":0,"brain":{"input_nodes":6,"hidden_nodes":10,"output_nodes":4,"weights_ih":{"rows":10,"cols":6,"data":[[-0.5167888516344985,0.7886334524765239,0.5740409489289888,0.8520308501972467,-0.14677802822766672,-0.34754244706752796],[1.3470805920601836,0.1666120381947317,-0.5728412432021162,-0.5775321935762161,-0.6786713212531548,0.5786819058705635],[0.7865526747145899,-0.17709510781025584,-0.3515699552480252,-0.8359763291565123,0.707620263935784,-0.7154858572417035],[0.26456820567047457,0.9438430047309989,0.9584178065407225,0.37120859127557404,-0.5520812454783415,0.01636292488093405],[-0.3356802628642206,-0.961897891070524,-0.8051559244326527,0.39811891570797,-0.2597136584318957,-0.7899932775953684],[0.45482790374181636,1.193644749491677,0.24116858037587452,0.5747832369203535,0.4393284172257701,0.49569340102487525],[-0.5832238514083716,0.9864284286368618,-0.2276210813873134,-0.020076106458734255,0.17582078515885835,0.9799259039952664],[0.6700376376093597,-0.12906043991421656,-0.49869275598142115,-1.2147854714920074,0.34619571107126046,-0.19363008427493344],[0.7253702335727379,0.7697880363471922,0.26528324101684975,0.1367382308397087,0.06380784679056983,0.9428672423505797],[-0.9305588077757219,0.31480214190233974,0.7101899788831991,-0.8364682874034095,0.10551840396098155,-0.5292046915985482]]},"weights_ho":{"rows":4,"cols":10,"data":[[0.6622994886885167,0.7976272908194366,-0.6579067539506558,0.7609136105577115,0.295709598976217,0.42930567500965733,0.20807861658320537,0.39396218123221693,-0.03751945788654931,-0.4157778847172211],[0.32197848772318594,-0.7194803722183329,-0.6398820913637349,-0.3992927793183795,0.17977455191482639,-0.5138546485827296,0.6839254725237991,0.36622867149494764,0.36029645004702004,0.6437534863076535],[-0.1365076179429061,0.9804226122398473,-0.7974788072717258,0.129913370066431,-0.7714448980542401,-0.338658130470034,0.9927745546098433,-0.2377086240773063,-0.4176418118283566,0.5530839366140841],[-0.024825997953434875,-0.6834827488272306,-0.9216252878790128,0.15202371961685968,0.02233095568147131,-0.2779104363883391,0.9989128415886859,0.586077049534004,-0.21056928365249883,-0.01467208555577626]]},"bias_h":{"rows":10,"cols":1,"data":[[0.10103997198326897],[-0.6534130589095062],[-0.2755747168123004],[0.0692267345487183],[-0.9526424832502873],[-0.16247411691795915],[0.6994437514344636],[-0.40179063013461613],[-0.6704419262387171],[0.26262397238111035]]},"bias_o":{"rows":4,"cols":1,"data":[[-0.6203723595072796],[0.29143910508585824],[-0.7879224875966493],[0.4567697086587583]]},"learning_rate":0.1,"activation_function":{}},"history":{"rock":[],"paper":[],"scissor":[]},"choice":"rock","choice_code":0,"choice_history":["rock"],"choice_code_history":[0]},{"id":"lywl1mxls5ohe2ko7x","r":20,"highlight":false,"position":{"isPInst":true,"x":78.1516479780449,"y":47.48478601887246,"z":0},"velocity":{"isPInst":true,"x":-0.4396502907280442,"y":-0.4291447599329479,"z":0},"score":0,"prey_score":0,"fitness":0,"brain":{"input_nodes":6,"hidden_nodes":10,"output_nodes":4,"weights_ih":{"rows":10,"cols":6,"data":[[-0.5577447220864045,-0.5280588105365194,0.3808399925914694,1.0657718476368645,-0.8758429507517445,0.763820223371932],[1.1515140394165717,-0.1878587113985306,-0.1395125431536206,-1.0406624270969034,-0.13740155155489653,-0.15287588515909034],[-1.1845448083910024,0.049271386949287344,-0.3840933155026067,0.3838773907409814,-0.5547931783082406,0.6686036601425065],[0.46299641003227665,-0.40335673304553366,-0.20164142726316525,-1.1221588957830024,-0.7101554269398918,0.5994558129736491],[-0.8689084114567969,1.2981128547762253,-0.5438831419906394,-0.8734629713919797,0.40593285418654557,-0.5900303256592103],[0.8668860338407267,-1.1843991403426883,-0.36313111212297544,0.2890450836577956,-0.07087323906783483,0.7017273661303594],[0.6051667982965576,-0.8512798032038389,-0.3085243198449885,-0.571174474240228,-0.9893659753003532,0.34778443079832266],[-0.9071496369048706,-0.6216274285383383,0.3314384388523952,0.9588061279808624,-0.2818443670618418,0.05030301879256349],[0.9928098046542706,0.5517143606944042,0.33176578953007985,0.9453879798950475,0.9668358943467132,0.3854359477585659],[0.46233746947340437,-0.17813528402949075,0.7520149223179873,-0.6070202037309476,0.8801304317885928,-0.3274987862678991]]},"weights_ho":{"rows":4,"cols":10,